source_row_id,new_section,new_table,legacy_section,payment_nature,missing_fact,fact_category,existing_or_new,required_evidence,source_condition,rows_unblocked_by_fact,implementation_status
CA-FY2026-27-RES-02,392(7),—,192A,PROVIDENT_FUND,Taxable accumulated balance,ASSET_INSTRUMENT_SCHEME,classification_facts[] (new API/persistence contract; existing payment/residency/category fields remain reused),"Verified transaction, instrument, asset, scheme, income-character, or statutory-reference evidence.",Taxable accumulated balance,24,PRODUCT_INPUT_CONTRACT_IMPLEMENTED; rule/source verification pending
CA-FY2026-27-RES-03,393(1),1(i),194D,INSURANCE_COMMISSION,Resident other than company,PARTY_CAPACITY,classification_facts[] (new API/persistence contract; existing payment/residency/category fields remain reused),"Verified constitutional, capacity, role, age/status, or payer-category evidence reference.",Resident other than company,32,PRODUCT_INPUT_CONTRACT_IMPLEMENTED; rule/source verification pending
CA-FY2026-27-RES-04,393(1),1(i),194D,INSURANCE_COMMISSION,Domestic company,PARTY_CAPACITY,classification_facts[] (new API/persistence contract; existing payment/residency/category fields remain reused),"Verified constitutional, capacity, role, age/status, or payer-category evidence reference.",Domestic company,32,PRODUCT_INPUT_CONTRACT_IMPLEMENTED; rule/source verification pending
CA-FY2026-27-RES-06,393(1),2(i),194-IB,RENT,Qualifying individual/HUF payer,PARTY_CAPACITY,classification_facts[] (new API/persistence contract; existing payment/residency/category fields remain reused),"Verified constitutional, capacity, role, age/status, or payer-category evidence reference.",Qualifying individual/HUF payer,32,PRODUCT_INPUT_CONTRACT_IMPLEMENTED; rule/source verification pending
CA-FY2026-27-RES-09,393(1),3(i),194-IA,IMMOVABLE_PROPERTY,Resident transferor; not rural agricultural land,ASSET_INSTRUMENT_SCHEME,classification_facts[] (new API/persistence contract; existing payment/residency/category fields remain reused),"Verified transaction, instrument, asset, scheme, income-character, or statutory-reference evidence.",Resident transferor; not rural agricultural land,24,PRODUCT_INPUT_CONTRACT_IMPLEMENTED; rule/source verification pending
CA-FY2026-27-RES-10,393(1),3(ii),194-IC,JDA,Resident individual/HUF,PARTY_CAPACITY,classification_facts[] (new API/persistence contract; existing payment/residency/category fields remain reused),"Verified constitutional, capacity, role, age/status, or payer-category evidence reference.",Resident individual/HUF,32,PRODUCT_INPUT_CONTRACT_IMPLEMENTED; rule/source verification pending
CA-FY2026-27-RES-13,393(1),4(ii),194LBA(1),BUSINESS_TRUST,Schedule V Table 3/4 to resident unitholders,ASSET_INSTRUMENT_SCHEME,classification_facts[] (new API/persistence contract; existing payment/residency/category fields remain reused),"Verified transaction, instrument, asset, scheme, income-character, or statutory-reference evidence.",Schedule V Table 3/4 to resident unitholders,24,PRODUCT_INPUT_CONTRACT_IMPLEMENTED; rule/source verification pending
CA-FY2026-27-RES-14,393(1),4(iii),194LBB,INVESTMENT_FUND,Section 224 units,ASSET_INSTRUMENT_SCHEME,classification_facts[] (new API/persistence contract; existing payment/residency/category fields remain reused),"Verified transaction, instrument, asset, scheme, income-character, or statutory-reference evidence.",Section 224 units,24,PRODUCT_INPUT_CONTRACT_IMPLEMENTED; rule/source verification pending
CA-FY2026-27-RES-15,393(1),4(iv),194LBC(1),SECURITISATION_TRUST,Individual/HUF or other person,PARTY_CAPACITY,classification_facts[] (new API/persistence contract; existing payment/residency/category fields remain reused),"Verified constitutional, capacity, role, age/status, or payer-category evidence reference.",Individual/HUF or other person,32,PRODUCT_INPUT_CONTRACT_IMPLEMENTED; rule/source verification pending
CA-FY2026-27-RES-17,393(1),5(ii)/(iii),194A,INTEREST_OTHER,Bank/co-op bank/post-office; senior citizen,PARTY_CAPACITY,classification_facts[] (new API/persistence contract; existing payment/residency/category fields remain reused),"Verified constitutional, capacity, role, age/status, or payer-category evidence reference.",Bank/co-op bank/post-office; senior citizen,32,PRODUCT_INPUT_CONTRACT_IMPLEMENTED; rule/source verification pending
CA-FY2026-27-RES-18,393(1),5(ii)/(iii),194A,INTEREST_OTHER,Bank/co-op bank/post-office; other than senior citizen,PARTY_CAPACITY,classification_facts[] (new API/persistence contract; existing payment/residency/category fields remain reused),"Verified constitutional, capacity, role, age/status, or payer-category evidence reference.",Bank/co-op bank/post-office; other than senior citizen,32,PRODUCT_INPUT_CONTRACT_IMPLEMENTED; rule/source verification pending
CA-FY2026-27-RES-19,393(1),5(ii)/(iii),194A,INTEREST_OTHER,Any other payer,PARTY_CAPACITY,classification_facts[] (new API/persistence contract; existing payment/residency/category fields remain reused),"Verified constitutional, capacity, role, age/status, or payer-category evidence reference.",Any other payer,32,PRODUCT_INPUT_CONTRACT_IMPLEMENTED; rule/source verification pending
CA-FY2026-27-RES-21,393(1),6(i),194C,CONTRACTOR,Other contractor,PARTY_CAPACITY,classification_facts[] (new API/persistence contract; existing payment/residency/category fields remain reused),"Verified constitutional, capacity, role, age/status, or payer-category evidence reference.",Other contractor,32,PRODUCT_INPUT_CONTRACT_IMPLEMENTED; rule/source verification pending
CA-FY2026-27-RES-22,393(1),6(ii),194M,CONTRACTOR_PROFESSIONAL_COMMISSION,Resident contractor/professional/commission/brokerage,PARTY_CAPACITY,classification_facts[] (new API/persistence contract; existing payment/residency/category fields remain reused),"Verified constitutional, capacity, role, age/status, or payer-category evidence reference.",Resident contractor/professional/commission/brokerage,32,PRODUCT_INPUT_CONTRACT_IMPLEMENTED; rule/source verification pending
CA-FY2026-27-RES-23,393(1),6(iii),194J,PROFESSIONAL_SERVICE,Call-centre-only business,SERVICE_ACTIVITY_CHANNEL,classification_facts[] (new API/persistence contract; existing payment/residency/category fields remain reused),"Verified service, activity, channel, or game-mode evidence reference.",Call-centre-only business,6,PRODUCT_INPUT_CONTRACT_IMPLEMENTED; rule/source verification pending
CA-FY2026-27-RES-24,393(1),6(iii),194J,PROFESSIONAL_SERVICE,Other professional service,SERVICE_ACTIVITY_CHANNEL,classification_facts[] (new API/persistence contract; existing payment/residency/category fields remain reused),"Verified service, activity, channel, or game-mode evidence reference.",Other professional service,6,PRODUCT_INPUT_CONTRACT_IMPLEMENTED; rule/source verification pending
CA-FY2026-27-RES-25,393(1),6(iii),194J,TECHNICAL_SERVICE,Not professional service,SERVICE_ACTIVITY_CHANNEL,classification_facts[] (new API/persistence contract; existing payment/residency/category fields remain reused),"Verified service, activity, channel, or game-mode evidence reference.",Not professional service,6,PRODUCT_INPUT_CONTRACT_IMPLEMENTED; rule/source verification pending
CA-FY2026-27-RES-26,393(1),6(iii),194J,DIRECTOR_REMUNERATION,Non-employee director,PARTY_CAPACITY,classification_facts[] (new API/persistence contract; existing payment/residency/category fields remain reused),"Verified constitutional, capacity, role, age/status, or payer-category evidence reference.",Non-employee director,32,PRODUCT_INPUT_CONTRACT_IMPLEMENTED; rule/source verification pending
CA-FY2026-27-RES-27,393(1),6(iii),194J,ROYALTY_CINEMATOGRAPHIC,Cinematographic films,ASSET_INSTRUMENT_SCHEME,classification_facts[] (new API/persistence contract; existing payment/residency/category fields remain reused),"Verified transaction, instrument, asset, scheme, income-character, or statutory-reference evidence.",Cinematographic films,24,PRODUCT_INPUT_CONTRACT_IMPLEMENTED; rule/source verification pending
CA-FY2026-27-RES-28,393(1),6(iii),194J,ROYALTY,Other royalty,SERVICE_ACTIVITY_CHANNEL,classification_facts[] (new API/persistence contract; existing payment/residency/category fields remain reused),"Verified service, activity, channel, or game-mode evidence reference.",Other royalty,6,PRODUCT_INPUT_CONTRACT_IMPLEMENTED; rule/source verification pending
CA-FY2026-27-RES-30,393(1),7,194,DIVIDEND,Source note: ₹10000 if shareholder individual,PARTY_CAPACITY,classification_facts[] (new API/persistence contract; existing payment/residency/category fields remain reused),"Verified constitutional, capacity, role, age/status, or payer-category evidence reference.",Source note: ₹10000 if shareholder individual,32,PRODUCT_INPUT_CONTRACT_IMPLEMENTED; rule/source verification pending
CA-FY2026-27-RES-31,393(1),8(i),194DA,LIFE_INSURANCE,Exemption unavailable,ASSET_INSTRUMENT_SCHEME,classification_facts[] (new API/persistence contract; existing payment/residency/category fields remain reused),"Verified transaction, instrument, asset, scheme, income-character, or statutory-reference evidence.",Exemption unavailable,24,PRODUCT_INPUT_CONTRACT_IMPLEMENTED; rule/source verification pending
CA-FY2026-27-RES-43,393(3),5,194N,CASH_WITHDRAWAL,Co-operative society,PARTY_CAPACITY,classification_facts[] (new API/persistence contract; existing payment/residency/category fields remain reused),"Verified constitutional, capacity, role, age/status, or payer-category evidence reference.",Co-operative society,32,PRODUCT_INPUT_CONTRACT_IMPLEMENTED; rule/source verification pending
CA-FY2026-27-RES-44,393(3),5,194N,CASH_WITHDRAWAL,Other person,PARTY_CAPACITY,classification_facts[] (new API/persistence contract; existing payment/residency/category fields remain reused),"Verified constitutional, capacity, role, age/status, or payer-category evidence reference.",Other person,32,PRODUCT_INPUT_CONTRACT_IMPLEMENTED; rule/source verification pending
CA-FY2026-27-NR-02,392(7),—,192A,PROVIDENT_FUND,Taxable accumulated balance,ASSET_INSTRUMENT_SCHEME,classification_facts[] (new API/persistence contract; existing payment/residency/category fields remain reused),"Verified transaction, instrument, asset, scheme, income-character, or statutory-reference evidence.",Taxable accumulated balance,24,PRODUCT_INPUT_CONTRACT_IMPLEMENTED; rule/source verification pending
CA-FY2026-27-NR-03,393(3),1,194B,LOTTERY,Other than online games,SERVICE_ACTIVITY_CHANNEL,classification_facts[] (new API/persistence contract; existing payment/residency/category fields remain reused),"Verified service, activity, channel, or game-mode evidence reference.",Other than online games,6,PRODUCT_INPUT_CONTRACT_IMPLEMENTED; rule/source verification pending
CA-FY2026-27-NR-07,393(3),5,194N,CASH_WITHDRAWAL,Co-operative society,PARTY_CAPACITY,classification_facts[] (new API/persistence contract; existing payment/residency/category fields remain reused),"Verified constitutional, capacity, role, age/status, or payer-category evidence reference.",Co-operative society,32,PRODUCT_INPUT_CONTRACT_IMPLEMENTED; rule/source verification pending
CA-FY2026-27-NR-08,393(3),5,194N,CASH_WITHDRAWAL,Other person,PARTY_CAPACITY,classification_facts[] (new API/persistence contract; existing payment/residency/category fields remain reused),"Verified constitutional, capacity, role, age/status, or payer-category evidence reference.",Other person,32,PRODUCT_INPUT_CONTRACT_IMPLEMENTED; rule/source verification pending
CA-FY2026-27-NR-10,393(3),7,194T,PARTNER_REMUNERATION_INTEREST,Firm to partner,PARTY_CAPACITY,classification_facts[] (new API/persistence contract; existing payment/residency/category fields remain reused),"Verified constitutional, capacity, role, age/status, or payer-category evidence reference.",Firm to partner,32,PRODUCT_INPUT_CONTRACT_IMPLEMENTED; rule/source verification pending
CA-FY2026-27-NR-11,393(2),1,194E,FOREIGN_SPORTS_PERSON,Foreign sportsman/entertainer/sports association,PARTY_CAPACITY,classification_facts[] (new API/persistence contract; existing payment/residency/category fields remain reused),"Verified constitutional, capacity, role, age/status, or payer-category evidence reference.",Foreign sportsman/entertainer/sports association,32,PRODUCT_INPUT_CONTRACT_IMPLEMENTED; rule/source verification pending
CA-FY2026-27-NR-12,393(2),"2,3,4",194LC,NON_RESIDENT_INTEREST,Foreign-currency approved loan/long-term bonds outside India,ASSET_INSTRUMENT_SCHEME,classification_facts[] (new API/persistence contract; existing payment/residency/category fields remain reused),"Verified transaction, instrument, asset, scheme, income-character, or statutory-reference evidence.",Foreign-currency approved loan/long-term bonds outside India,24,PRODUCT_INPUT_CONTRACT_IMPLEMENTED; rule/source verification pending
CA-FY2026-27-NR-13,393(2),"2,3,4",194LC,NON_RESIDENT_INTEREST,Long-term/rupee bond listed IFSC exchange,ASSET_INSTRUMENT_SCHEME,classification_facts[] (new API/persistence contract; existing payment/residency/category fields remain reused),"Verified transaction, instrument, asset, scheme, income-character, or statutory-reference evidence.",Long-term/rupee bond listed IFSC exchange,24,PRODUCT_INPUT_CONTRACT_IMPLEMENTED; rule/source verification pending
CA-FY2026-27-NR-14,393(2),"2,3,4",194LC,NON_RESIDENT_INTEREST,Qualifying post-1-Jul-2023 IFSC bond,ASSET_INSTRUMENT_SCHEME,classification_facts[] (new API/persistence contract; existing payment/residency/category fields remain reused),"Verified transaction, instrument, asset, scheme, income-character, or statutory-reference evidence.",Qualifying post-1-Jul-2023 IFSC bond,24,PRODUCT_INPUT_CONTRACT_IMPLEMENTED; rule/source verification pending
CA-FY2026-27-NR-15,393(2),5,194LB,NON_RESIDENT_INTEREST,Infrastructure debt fund,ASSET_INSTRUMENT_SCHEME,classification_facts[] (new API/persistence contract; existing payment/residency/category fields remain reused),"Verified transaction, instrument, asset, scheme, income-character, or statutory-reference evidence.",Infrastructure debt fund,24,PRODUCT_INPUT_CONTRACT_IMPLEMENTED; rule/source verification pending
CA-FY2026-27-NR-16,393(2),6,194LBA(2),BUSINESS_TRUST,SPV interest to unitholder,ASSET_INSTRUMENT_SCHEME,classification_facts[] (new API/persistence contract; existing payment/residency/category fields remain reused),"Verified transaction, instrument, asset, scheme, income-character, or statutory-reference evidence.",SPV interest to unitholder,24,PRODUCT_INPUT_CONTRACT_IMPLEMENTED; rule/source verification pending
CA-FY2026-27-NR-17,393(2),6,194LBA(2),BUSINESS_TRUST,SPV dividend to unitholder,ASSET_INSTRUMENT_SCHEME,classification_facts[] (new API/persistence contract; existing payment/residency/category fields remain reused),"Verified transaction, instrument, asset, scheme, income-character, or statutory-reference evidence.",SPV dividend to unitholder,24,PRODUCT_INPUT_CONTRACT_IMPLEMENTED; rule/source verification pending
CA-FY2026-27-NR-18,393(2),7,194LBA(3),BUSINESS_TRUST,Schedule V Table 4; non-resident other than foreign company,PARTY_CAPACITY,classification_facts[] (new API/persistence contract; existing payment/residency/category fields remain reused),"Verified constitutional, capacity, role, age/status, or payer-category evidence reference.",Schedule V Table 4; non-resident other than foreign company,32,PRODUCT_INPUT_CONTRACT_IMPLEMENTED; rule/source verification pending
CA-FY2026-27-NR-19,393(2),7,194LBA(3),BUSINESS_TRUST,Schedule V Table 4; foreign company,PARTY_CAPACITY,classification_facts[] (new API/persistence contract; existing payment/residency/category fields remain reused),"Verified constitutional, capacity, role, age/status, or payer-category evidence reference.",Schedule V Table 4; foreign company,32,PRODUCT_INPUT_CONTRACT_IMPLEMENTED; rule/source verification pending
CA-FY2026-27-NR-20,393(2),8,194LBB,INVESTMENT_FUND,Non-resident other than foreign company,PARTY_CAPACITY,classification_facts[] (new API/persistence contract; existing payment/residency/category fields remain reused),"Verified constitutional, capacity, role, age/status, or payer-category evidence reference.",Non-resident other than foreign company,32,PRODUCT_INPUT_CONTRACT_IMPLEMENTED; rule/source verification pending
CA-FY2026-27-NR-21,393(2),8,194LBB,INVESTMENT_FUND,Foreign company,PARTY_CAPACITY,classification_facts[] (new API/persistence contract; existing payment/residency/category fields remain reused),"Verified constitutional, capacity, role, age/status, or payer-category evidence reference.",Foreign company,32,PRODUCT_INPUT_CONTRACT_IMPLEMENTED; rule/source verification pending
CA-FY2026-27-NR-22,393(2),9,194LBC(2),SECURITISATION_TRUST,Non-resident other than foreign company,PARTY_CAPACITY,classification_facts[] (new API/persistence contract; existing payment/residency/category fields remain reused),"Verified constitutional, capacity, role, age/status, or payer-category evidence reference.",Non-resident other than foreign company,32,PRODUCT_INPUT_CONTRACT_IMPLEMENTED; rule/source verification pending
CA-FY2026-27-NR-23,393(2),9,194LBC(2),SECURITISATION_TRUST,Foreign company,PARTY_CAPACITY,classification_facts[] (new API/persistence contract; existing payment/residency/category fields remain reused),"Verified constitutional, capacity, role, age/status, or payer-category evidence reference.",Foreign company,32,PRODUCT_INPUT_CONTRACT_IMPLEMENTED; rule/source verification pending
CA-FY2026-27-NR-25,393(2),"11,12",196B,NON_RESIDENT_UNITS,Long-term capital gain on section 208 units,ASSET_INSTRUMENT_SCHEME,classification_facts[] (new API/persistence contract; existing payment/residency/category fields remain reused),"Verified transaction, instrument, asset, scheme, income-character, or statutory-reference evidence.",Long-term capital gain on section 208 units,24,PRODUCT_INPUT_CONTRACT_IMPLEMENTED; rule/source verification pending
CA-FY2026-27-NR-26,393(2),"13,14",196C,NON_RESIDENT_INTEREST,Foreign-currency bonds/GDR interest,ASSET_INSTRUMENT_SCHEME,classification_facts[] (new API/persistence contract; existing payment/residency/category fields remain reused),"Verified transaction, instrument, asset, scheme, income-character, or statutory-reference evidence.",Foreign-currency bonds/GDR interest,24,PRODUCT_INPUT_CONTRACT_IMPLEMENTED; rule/source verification pending
CA-FY2026-27-NR-27,393(2),"13,14",196C,NON_RESIDENT_CAPITAL_GAIN,Long-term capital gain bonds/GDR,ASSET_INSTRUMENT_SCHEME,classification_facts[] (new API/persistence contract; existing payment/residency/category fields remain reused),"Verified transaction, instrument, asset, scheme, income-character, or statutory-reference evidence.",Long-term capital gain bonds/GDR,24,PRODUCT_INPUT_CONTRACT_IMPLEMENTED; rule/source verification pending
CA-FY2026-27-NR-29,393(2),16,196D(1A),SPECIFIED_FUND_SECURITIES_INTEREST,Specified fund; surcharge not applicable,ASSET_INSTRUMENT_SCHEME,classification_facts[] (new API/persistence contract; existing payment/residency/category fields remain reused),"Verified transaction, instrument, asset, scheme, income-character, or statutory-reference evidence.",Specified fund; surcharge not applicable,24,PRODUCT_INPUT_CONTRACT_IMPLEMENTED; rule/source verification pending
CA-FY2026-27-NR-30,393(2),17,195(1),FOREIGN_EXCHANGE_ASSET_INCOME,Qualifying Indian citizen,PARTY_CAPACITY,classification_facts[] (new API/persistence contract; existing payment/residency/category fields remain reused),"Verified constitutional, capacity, role, age/status, or payer-category evidence reference.",Qualifying Indian citizen,32,PRODUCT_INPUT_CONTRACT_IMPLEMENTED; rule/source verification pending
CA-FY2026-27-NR-31,393(2),17,195(1),NON_RESIDENT_CAPITAL_GAIN,Foreign-exchange asset long-term capital gain; SC cap 15%,ASSET_INSTRUMENT_SCHEME,classification_facts[] (new API/persistence contract; existing payment/residency/category fields remain reused),"Verified transaction, instrument, asset, scheme, income-character, or statutory-reference evidence.",Foreign-exchange asset long-term capital gain; SC cap 15%,24,PRODUCT_INPUT_CONTRACT_IMPLEMENTED; rule/source verification pending
CA-FY2026-27-NR-32,393(2),17,195(1),NON_RESIDENT_CAPITAL_GAIN,Section 196 short-term gain; SC cap 15%,ASSET_INSTRUMENT_SCHEME,classification_facts[] (new API/persistence contract; existing payment/residency/category fields remain reused),"Verified transaction, instrument, asset, scheme, income-character, or statutory-reference evidence.",Section 196 short-term gain; SC cap 15%,24,PRODUCT_INPUT_CONTRACT_IMPLEMENTED; rule/source verification pending
CA-FY2026-27-NR-33,393(2),17,195(1),NON_RESIDENT_CAPITAL_GAIN,Section 197 long-term gain; SC cap 15%,ASSET_INSTRUMENT_SCHEME,classification_facts[] (new API/persistence contract; existing payment/residency/category fields remain reused),"Verified transaction, instrument, asset, scheme, income-character, or statutory-reference evidence.",Section 197 long-term gain; SC cap 15%,24,PRODUCT_INPUT_CONTRACT_IMPLEMENTED; rule/source verification pending
CA-FY2026-27-NR-34,393(2),17,195(1),NON_RESIDENT_CAPITAL_GAIN,Section 198 long-term gain; SC cap 15%,ASSET_INSTRUMENT_SCHEME,classification_facts[] (new API/persistence contract; existing payment/residency/category fields remain reused),"Verified transaction, instrument, asset, scheme, income-character, or statutory-reference evidence.",Section 198 long-term gain; SC cap 15%,24,PRODUCT_INPUT_CONTRACT_IMPLEMENTED; rule/source verification pending
CA-FY2026-27-NR-35,393(2),17,195(1),IFSC_DIVIDEND,IFSC unit dividend; SC cap 15%,ASSET_INSTRUMENT_SCHEME,classification_facts[] (new API/persistence contract; existing payment/residency/category fields remain reused),"Verified transaction, instrument, asset, scheme, income-character, or statutory-reference evidence.",IFSC unit dividend; SC cap 15%,24,PRODUCT_INPUT_CONTRACT_IMPLEMENTED; rule/source verification pending
CA-FY2026-27-NR-36,393(2),17,195(1),DIVIDEND,Other dividend; SC cap 15%,ASSET_INSTRUMENT_SCHEME,classification_facts[] (new API/persistence contract; existing payment/residency/category fields remain reused),"Verified transaction, instrument, asset, scheme, income-character, or statutory-reference evidence.",Other dividend; SC cap 15%,24,PRODUCT_INPUT_CONTRACT_IMPLEMENTED; rule/source verification pending
CA-FY2026-27-NR-37,393(2),17,195(1),NON_RESIDENT_INTEREST,Government/Indian-concern FC borrowing interest,ASSET_INSTRUMENT_SCHEME,classification_facts[] (new API/persistence contract; existing payment/residency/category fields remain reused),"Verified transaction, instrument, asset, scheme, income-character, or statutory-reference evidence.",Government/Indian-concern FC borrowing interest,24,PRODUCT_INPUT_CONTRACT_IMPLEMENTED; rule/source verification pending
CA-FY2026-27-NR-38,393(2),17,195(1),ROYALTY,Source Note 6,SERVICE_ACTIVITY_CHANNEL,classification_facts[] (new API/persistence contract; existing payment/residency/category fields remain reused),Source Note 6 must be supplied and verified; transaction evidence cannot substitute for the missing source.,Source Note 6,6,SOURCE_NOTE_6_VERIFICATION_REQUIRED
CA-FY2026-27-NR-39,393(2),17,195(1),ROYALTY,Agreement 1961-1976; non-resident other than foreign company,AGREEMENT_HISTORIC_PROVISION,classification_facts[] (new API/persistence contract; existing payment/residency/category fields remain reused),"Executed agreement reference, execution-date evidence, and CA-approved interpretation.",Agreement 1961-1976; non-resident other than foreign company,6,PRODUCT_INPUT_CONTRACT_IMPLEMENTED; CA_INTERPRETATION_AND_RULE_PENDING
CA-FY2026-27-NR-40,393(2),17,195(1),ROYALTY,Agreement 1961-1976; foreign company,AGREEMENT_HISTORIC_PROVISION,classification_facts[] (new API/persistence contract; existing payment/residency/category fields remain reused),"Executed agreement reference, execution-date evidence, and CA-approved interpretation.",Agreement 1961-1976; foreign company,6,PRODUCT_INPUT_CONTRACT_IMPLEMENTED; CA_INTERPRETATION_AND_RULE_PENDING
CA-FY2026-27-NR-41,393(2),17,195(1),ROYALTY,Agreement on/after 1-Apr-1976,AGREEMENT_HISTORIC_PROVISION,classification_facts[] (new API/persistence contract; existing payment/residency/category fields remain reused),"Executed agreement reference, execution-date evidence, and CA-approved interpretation.",Agreement on/after 1-Apr-1976,6,PRODUCT_INPUT_CONTRACT_IMPLEMENTED; CA_INTERPRETATION_AND_RULE_PENDING
CA-FY2026-27-NR-42,393(2),17,195(1),TECHNICAL_SERVICE,Agreement 1964-1976; non-foreign company,AGREEMENT_HISTORIC_PROVISION,classification_facts[] (new API/persistence contract; existing payment/residency/category fields remain reused),"Executed agreement reference, execution-date evidence, and CA-approved interpretation.",Agreement 1964-1976; non-foreign company,6,PRODUCT_INPUT_CONTRACT_IMPLEMENTED; CA_INTERPRETATION_AND_RULE_PENDING
CA-FY2026-27-NR-43,393(2),17,195(1),TECHNICAL_SERVICE,Agreement 1964-1976; foreign company,AGREEMENT_HISTORIC_PROVISION,classification_facts[] (new API/persistence contract; existing payment/residency/category fields remain reused),"Executed agreement reference, execution-date evidence, and CA-approved interpretation.",Agreement 1964-1976; foreign company,6,PRODUCT_INPUT_CONTRACT_IMPLEMENTED; CA_INTERPRETATION_AND_RULE_PENDING
CA-FY2026-27-NR-44,393(2),17,195(1),TECHNICAL_SERVICE,Agreement on/after 1-Apr-1976,AGREEMENT_HISTORIC_PROVISION,classification_facts[] (new API/persistence contract; existing payment/residency/category fields remain reused),"Executed agreement reference, execution-date evidence, and CA-approved interpretation.",Agreement on/after 1-Apr-1976,6,PRODUCT_INPUT_CONTRACT_IMPLEMENTED; CA_INTERPRETATION_AND_RULE_PENDING
CA-FY2026-27-NR-45,393(2),17,195(1),NON_RESIDENT_OTHER_INCOME,Non-resident other than foreign company,PARTY_CAPACITY,classification_facts[] (new API/persistence contract; existing payment/residency/category fields remain reused),"Verified constitutional, capacity, role, age/status, or payer-category evidence reference.",Non-resident other than foreign company,32,PRODUCT_INPUT_CONTRACT_IMPLEMENTED; rule/source verification pending
CA-FY2026-27-NR-46,393(2),17,195(1),NON_RESIDENT_OTHER_INCOME,Foreign company,PARTY_CAPACITY,classification_facts[] (new API/persistence contract; existing payment/residency/category fields remain reused),"Verified constitutional, capacity, role, age/status, or payer-category evidence reference.",Foreign company,32,PRODUCT_INPUT_CONTRACT_IMPLEMENTED; rule/source verification pending
