source_row_reference,act,section_table,old_section,payment_nature,recipient_residency,recipient_category,payer_condition_category,rate_percent,threshold,special_condition,source_page_row_reference,current_catalog_status,current_executable_rule_status,current_rule_id,manifest_source_status,reconciliation_result,reconciliation_basis,required_source_dependency_or_input
CA-FY2026-27-RES-01,"Income-tax Act, 2025",392 / —,192,SALARY,RESIDENT,PERSON,,,,External salary-rate schedule,PDF p.28; CA-FY2026-27-RES-01,NOT_CATALOGED,NOT_EXECUTABLE,,TRANSCRIBED_UNVERIFIED,SOURCE_AMBIGUOUS,The PDF refers to an external salary-rate schedule instead of a table rate.,The referenced salary-rate schedule and applicable product inputs.
CA-FY2026-27-RES-02,"Income-tax Act, 2025",392(7) / —,192A,PROVIDENT_FUND,RESIDENT,PERSON,,10,50000,Taxable accumulated balance,PDF p.28; CA-FY2026-27-RES-02,NOT_CATALOGED,NOT_EXECUTABLE,,TRANSCRIBED_UNVERIFIED,MISSING_PRODUCT_INPUT,The source row includes a conditional applicability fact not represented by the current general ledger/classification contract.,A controlled input and evidence contract for: Taxable accumulated balance
CA-FY2026-27-RES-03,"Income-tax Act, 2025",393(1) / 1(i),194D,INSURANCE_COMMISSION,RESIDENT,PERSON,,2,20000,Resident other than company,PDF p.28; CA-FY2026-27-RES-03,NOT_CATALOGED,NOT_EXECUTABLE,,TRANSCRIBED_UNVERIFIED,MISSING_PRODUCT_INPUT,The source row includes a conditional applicability fact not represented by the current general ledger/classification contract.,A controlled input and evidence contract for: Resident other than company
CA-FY2026-27-RES-04,"Income-tax Act, 2025",393(1) / 1(i),194D,INSURANCE_COMMISSION,RESIDENT,PERSON,,10,20000,Domestic company,PDF p.28; CA-FY2026-27-RES-04,NOT_CATALOGED,NOT_EXECUTABLE,,TRANSCRIBED_UNVERIFIED,MISSING_PRODUCT_INPUT,The source row includes a conditional applicability fact not represented by the current general ledger/classification contract.,A controlled input and evidence contract for: Domestic company
CA-FY2026-27-RES-05,"Income-tax Act, 2025",393(1) / 1(ii),194H,COMMISSION_BROKERAGE,RESIDENT,PERSON,SPECIFIED_PERSON (verified evidence),2,20000,BSNL/MTNL PCO-franchisee exclusion assessed with verified evidence,PDF p.28; CA-FY2026-27-RES-05,SOURCE_VERIFIED_ACTIVE,EXECUTABLE_ACTIVE,STAT-393-1II-COMMISSION-BROKERAGE-2026-V1,SOURCE_VERIFIED,SUPPORTED_FOR_CONFIGURATION,Primary official section 393/402 text and the project source were inspected; the configured rule requires verified specified-person and no-exception facts.,Verified classification facts and evidence for specified-person payer status and non-PCO-franchisee exception status.
CA-FY2026-27-RES-06,"Income-tax Act, 2025",393(1) / 2(i),194-IB,RENT,RESIDENT,PERSON,,2,50000_PER_MONTH,Qualifying individual/HUF payer,PDF p.28; CA-FY2026-27-RES-06,NOT_CATALOGED,NOT_EXECUTABLE,,TRANSCRIBED_UNVERIFIED,MISSING_PRODUCT_INPUT,The source row includes a conditional applicability fact not represented by the current general ledger/classification contract.,A controlled input and evidence contract for: Qualifying individual/HUF payer
CA-FY2026-27-RES-07,"Income-tax Act, 2025",393(1) / 2(ii),194-I,RENT_PLANT_MACHINERY,RESIDENT,PERSON,,2,50000_PER_MONTH,,PDF p.28; CA-FY2026-27-RES-07,NOT_CATALOGED,NOT_EXECUTABLE,,TRANSCRIBED_UNVERIFIED,NOT_EXECUTABLE_YET,"The row is transcribed from the project source but has no configured, lifecycle-governed executable rule.","CA-approved scope, source verification, rule configuration, lifecycle approval, and direct tests."
CA-FY2026-27-RES-08,"Income-tax Act, 2025",393(1) / 2(ii),194-I,RENT_LAND_BUILDING_FURNITURE,RESIDENT,PERSON,,10,50000_PER_MONTH,,PDF p.28; CA-FY2026-27-RES-08,NOT_CATALOGED,NOT_EXECUTABLE,,TRANSCRIBED_UNVERIFIED,NOT_EXECUTABLE_YET,"The row is transcribed from the project source but has no configured, lifecycle-governed executable rule.","CA-approved scope, source verification, rule configuration, lifecycle approval, and direct tests."
CA-FY2026-27-RES-09,"Income-tax Act, 2025",393(1) / 3(i),194-IA,IMMOVABLE_PROPERTY,RESIDENT,PERSON,,1,<5000000,Resident transferor; not rural agricultural land,PDF p.28; CA-FY2026-27-RES-09,NOT_CATALOGED,NOT_EXECUTABLE,,TRANSCRIBED_UNVERIFIED,MISSING_PRODUCT_INPUT,The source row includes a conditional applicability fact not represented by the current general ledger/classification contract.,A controlled input and evidence contract for: Resident transferor; not rural agricultural land
CA-FY2026-27-RES-10,"Income-tax Act, 2025",393(1) / 3(ii),194-IC,JDA,RESIDENT,PERSON,,10,ZERO,Resident individual/HUF,PDF p.28; CA-FY2026-27-RES-10,NOT_CATALOGED,NOT_EXECUTABLE,,TRANSCRIBED_UNVERIFIED,MISSING_PRODUCT_INPUT,The source row includes a conditional applicability fact not represented by the current general ledger/classification contract.,A controlled input and evidence contract for: Resident individual/HUF
CA-FY2026-27-RES-11,"Income-tax Act, 2025",393(1) / 3(iii),194LA,COMPULSORY_ACQUISITION,RESIDENT,PERSON,,10,500000,,PDF p.28; CA-FY2026-27-RES-11,NOT_CATALOGED,NOT_EXECUTABLE,,TRANSCRIBED_UNVERIFIED,NOT_EXECUTABLE_YET,"The row is transcribed from the project source but has no configured, lifecycle-governed executable rule.","CA-approved scope, source verification, rule configuration, lifecycle approval, and direct tests."
CA-FY2026-27-RES-12,"Income-tax Act, 2025",393(1) / 4(i),194K,MUTUAL_FUND_UNITS,RESIDENT,PERSON,,10,10000,,PDF p.28; CA-FY2026-27-RES-12,NOT_CATALOGED,NOT_EXECUTABLE,,TRANSCRIBED_UNVERIFIED,NOT_EXECUTABLE_YET,"The row is transcribed from the project source but has no configured, lifecycle-governed executable rule.","CA-approved scope, source verification, rule configuration, lifecycle approval, and direct tests."
CA-FY2026-27-RES-13,"Income-tax Act, 2025",393(1) / 4(ii),194LBA(1),BUSINESS_TRUST,RESIDENT,PERSON,,10,ZERO,Schedule V Table 3/4 to resident unitholders,PDF p.28; CA-FY2026-27-RES-13,NOT_CATALOGED,NOT_EXECUTABLE,,TRANSCRIBED_UNVERIFIED,MISSING_PRODUCT_INPUT,The source row includes a conditional applicability fact not represented by the current general ledger/classification contract.,A controlled input and evidence contract for: Schedule V Table 3/4 to resident unitholders
CA-FY2026-27-RES-14,"Income-tax Act, 2025",393(1) / 4(iii),194LBB,INVESTMENT_FUND,RESIDENT,PERSON,,10,ZERO,Section 224 units,PDF p.28; CA-FY2026-27-RES-14,NOT_CATALOGED,NOT_EXECUTABLE,,TRANSCRIBED_UNVERIFIED,MISSING_PRODUCT_INPUT,The source row includes a conditional applicability fact not represented by the current general ledger/classification contract.,A controlled input and evidence contract for: Section 224 units
CA-FY2026-27-RES-15,"Income-tax Act, 2025",393(1) / 4(iv),194LBC(1),SECURITISATION_TRUST,RESIDENT,PERSON,,10,ZERO,Individual/HUF or other person,PDF p.29; CA-FY2026-27-RES-15,NOT_CATALOGED,NOT_EXECUTABLE,,TRANSCRIBED_UNVERIFIED,MISSING_PRODUCT_INPUT,The source row includes a conditional applicability fact not represented by the current general ledger/classification contract.,A controlled input and evidence contract for: Individual/HUF or other person
CA-FY2026-27-RES-16,"Income-tax Act, 2025",393(1) / 5(i),193,INTEREST_SECURITIES,RESIDENT,PERSON,,10,10000,,PDF p.29; CA-FY2026-27-RES-16,NOT_CATALOGED,NOT_EXECUTABLE,,TRANSCRIBED_UNVERIFIED,NOT_EXECUTABLE_YET,"The row is transcribed from the project source but has no configured, lifecycle-governed executable rule.","CA-approved scope, source verification, rule configuration, lifecycle approval, and direct tests."
CA-FY2026-27-RES-17,"Income-tax Act, 2025",393(1) / 5(ii)/(iii),194A,INTEREST_OTHER,RESIDENT,PERSON,,10,100000,Bank/co-op bank/post-office; senior citizen,PDF p.29; CA-FY2026-27-RES-17,NOT_CATALOGED,NOT_EXECUTABLE,,TRANSCRIBED_UNVERIFIED,MISSING_PRODUCT_INPUT,The source row includes a conditional applicability fact not represented by the current general ledger/classification contract.,A controlled input and evidence contract for: Bank/co-op bank/post-office; senior citizen
CA-FY2026-27-RES-18,"Income-tax Act, 2025",393(1) / 5(ii)/(iii),194A,INTEREST_OTHER,RESIDENT,PERSON,,10,50000,Bank/co-op bank/post-office; other than senior citizen,PDF p.29; CA-FY2026-27-RES-18,NOT_CATALOGED,NOT_EXECUTABLE,,TRANSCRIBED_UNVERIFIED,MISSING_PRODUCT_INPUT,The source row includes a conditional applicability fact not represented by the current general ledger/classification contract.,A controlled input and evidence contract for: Bank/co-op bank/post-office; other than senior citizen
CA-FY2026-27-RES-19,"Income-tax Act, 2025",393(1) / 5(ii)/(iii),194A,INTEREST_OTHER,RESIDENT,PERSON,,10,10000,Any other payer,PDF p.29; CA-FY2026-27-RES-19,NOT_CATALOGED,NOT_EXECUTABLE,,TRANSCRIBED_UNVERIFIED,MISSING_PRODUCT_INPUT,The source row includes a conditional applicability fact not represented by the current general ledger/classification contract.,A controlled input and evidence contract for: Any other payer
CA-FY2026-27-RES-20,"Income-tax Act, 2025",393(1) / 6(i),194C,CONTRACTOR,RESIDENT,PERSON,,1,30000_SINGLE/100000_AGGREGATE,Individual/HUF contractor,PDF p.29; CA-FY2026-27-RES-20,ACTIVE,EXECUTABLE_ACTIVE,STAT-393-6I-INDHUF-2026-V1,TRANSCRIBED_UNVERIFIED,SUPPORTED_FOR_CONFIGURATION,Exact FY 2026-27 contractor mapping to the existing configured rule.,None; CA approval remains separate from source mapping.
CA-FY2026-27-RES-21,"Income-tax Act, 2025",393(1) / 6(i),194C,CONTRACTOR,RESIDENT,PERSON,,2,30000_SINGLE/100000_AGGREGATE,Other contractor,PDF p.29; CA-FY2026-27-RES-21,NOT_CATALOGED,NOT_EXECUTABLE,,TRANSCRIBED_UNVERIFIED,MISSING_PRODUCT_INPUT,The source row includes a conditional applicability fact not represented by the current general ledger/classification contract.,A controlled input and evidence contract for: Other contractor
CA-FY2026-27-RES-22,"Income-tax Act, 2025",393(1) / 6(ii),194M,CONTRACTOR_PROFESSIONAL_COMMISSION,RESIDENT,PERSON,,2,5000000,Resident contractor/professional/commission/brokerage,PDF p.29; CA-FY2026-27-RES-22,NOT_CATALOGED,NOT_EXECUTABLE,,TRANSCRIBED_UNVERIFIED,MISSING_PRODUCT_INPUT,The source row includes a conditional applicability fact not represented by the current general ledger/classification contract.,A controlled input and evidence contract for: Resident contractor/professional/commission/brokerage
CA-FY2026-27-RES-23,"Income-tax Act, 2025",393(1) / 6(iii),194J,PROFESSIONAL_SERVICE,RESIDENT,PERSON,,2,50000,Call-centre-only business,PDF p.29; CA-FY2026-27-RES-23,NOT_CATALOGED,NOT_EXECUTABLE,,TRANSCRIBED_UNVERIFIED,MISSING_PRODUCT_INPUT,The source row includes a conditional applicability fact not represented by the current general ledger/classification contract.,A controlled input and evidence contract for: Call-centre-only business
CA-FY2026-27-RES-24,"Income-tax Act, 2025",393(1) / 6(iii),194J,PROFESSIONAL_SERVICE,RESIDENT,PERSON,,10,50000,Other professional service,PDF p.29; CA-FY2026-27-RES-24,NOT_CATALOGED,NOT_EXECUTABLE,,TRANSCRIBED_UNVERIFIED,MISSING_PRODUCT_INPUT,The source row includes a conditional applicability fact not represented by the current general ledger/classification contract.,A controlled input and evidence contract for: Other professional service
CA-FY2026-27-RES-25,"Income-tax Act, 2025",393(1) / 6(iii),194J,TECHNICAL_SERVICE,RESIDENT,PERSON,,2,50000,Not professional service,PDF p.29; CA-FY2026-27-RES-25,NOT_CATALOGED,NOT_EXECUTABLE,,TRANSCRIBED_UNVERIFIED,MISSING_PRODUCT_INPUT,The source row includes a conditional applicability fact not represented by the current general ledger/classification contract.,A controlled input and evidence contract for: Not professional service
CA-FY2026-27-RES-26,"Income-tax Act, 2025",393(1) / 6(iii),194J,DIRECTOR_REMUNERATION,RESIDENT,PERSON,,10,ZERO,Non-employee director,PDF p.29; CA-FY2026-27-RES-26,NOT_CATALOGED,NOT_EXECUTABLE,,TRANSCRIBED_UNVERIFIED,MISSING_PRODUCT_INPUT,The source row includes a conditional applicability fact not represented by the current general ledger/classification contract.,A controlled input and evidence contract for: Non-employee director
CA-FY2026-27-RES-27,"Income-tax Act, 2025",393(1) / 6(iii),194J,ROYALTY_CINEMATOGRAPHIC,RESIDENT,PERSON,,2,50000,Cinematographic films,PDF p.29; CA-FY2026-27-RES-27,NOT_CATALOGED,NOT_EXECUTABLE,,TRANSCRIBED_UNVERIFIED,MISSING_PRODUCT_INPUT,The source row includes a conditional applicability fact not represented by the current general ledger/classification contract.,A controlled input and evidence contract for: Cinematographic films
CA-FY2026-27-RES-28,"Income-tax Act, 2025",393(1) / 6(iii),194J,ROYALTY,RESIDENT,PERSON,,10,50000,Other royalty,PDF p.29; CA-FY2026-27-RES-28,NOT_CATALOGED,NOT_EXECUTABLE,,TRANSCRIBED_UNVERIFIED,MISSING_PRODUCT_INPUT,The source row includes a conditional applicability fact not represented by the current general ledger/classification contract.,A controlled input and evidence contract for: Other royalty
CA-FY2026-27-RES-29,"Income-tax Act, 2025",393(1) / 6(iii),194J,SECTION_26_2_H_SUM,RESIDENT,PERSON,,10,50000,,PDF p.29; CA-FY2026-27-RES-29,NOT_CATALOGED,NOT_EXECUTABLE,,TRANSCRIBED_UNVERIFIED,NOT_EXECUTABLE_YET,"The row is transcribed from the project source but has no configured, lifecycle-governed executable rule.","CA-approved scope, source verification, rule configuration, lifecycle approval, and direct tests."
CA-FY2026-27-RES-30,"Income-tax Act, 2025",393(1) / 7,194,DIVIDEND,RESIDENT,PERSON,,10,NIL,Source note: ₹10000 if shareholder individual,PDF p.29; CA-FY2026-27-RES-30,NOT_CATALOGED,NOT_EXECUTABLE,,TRANSCRIBED_UNVERIFIED,MISSING_PRODUCT_INPUT,The source row includes a conditional applicability fact not represented by the current general ledger/classification contract.,A controlled input and evidence contract for: Source note: ₹10000 if shareholder individual
CA-FY2026-27-RES-31,"Income-tax Act, 2025",393(1) / 8(i),194DA,LIFE_INSURANCE,RESIDENT,PERSON,,2,100000,Exemption unavailable,PDF p.29; CA-FY2026-27-RES-31,NOT_CATALOGED,NOT_EXECUTABLE,,TRANSCRIBED_UNVERIFIED,MISSING_PRODUCT_INPUT,The source row includes a conditional applicability fact not represented by the current general ledger/classification contract.,A controlled input and evidence contract for: Exemption unavailable
CA-FY2026-27-RES-32,"Income-tax Act, 2025",393(1) / 8(ii),194Q,PURCHASE_OF_GOODS,RESIDENT,PERSON,,0.1,5000000,,PDF p.29; CA-FY2026-27-RES-32,SOURCE_VERIFIED_ACTIVE,EXECUTABLE_ACTIVE,STAT-393-1-8II-PURCHASE-GOODS-2026-V1,SOURCE_VERIFIED,SUPPORTED_FOR_CONFIGURATION,Primary Income Tax Department section 393/402 text and the project source scan were inspected; all configured applicability and exception facts are required as verified evidence.,Verified classification facts/evidence required by the active catalog rule.
CA-FY2026-27-RES-33,"Income-tax Act, 2025",393(1) / 8(iii),194P,SENIOR_CITIZEN,RESIDENT,PERSON,,,,External salary-rate schedule,PDF p.30; CA-FY2026-27-RES-33,NOT_CATALOGED,NOT_EXECUTABLE,,TRANSCRIBED_UNVERIFIED,SOURCE_AMBIGUOUS,The PDF refers to an external salary-rate schedule instead of a table rate.,The referenced salary-rate schedule and applicable product inputs.
CA-FY2026-27-RES-34,"Income-tax Act, 2025",393(1) / 8(iv),194R,BENEFIT_PERQUISITE,RESIDENT,PERSON,,10,20000,,PDF p.30; CA-FY2026-27-RES-34,SOURCE_VERIFIED_ACTIVE,EXECUTABLE_ACTIVE,STAT-393-1-8IV-BENEFIT-PERQUISITE-2026-V1,SOURCE_VERIFIED,SUPPORTED_FOR_CONFIGURATION,Primary Income Tax Department section 393 text and the project source scan were inspected; the configured rule requires every source-specific fact evidenced as VERIFIED.,Verified classification facts/evidence required by the active catalog rule.
CA-FY2026-27-RES-35,"Income-tax Act, 2025",393(1) / 8(v),194O,ECOMMERCE,RESIDENT,PERSON,,0.1,500000,Individual/HUF participant,PDF p.30; CA-FY2026-27-RES-35,SOURCE_VERIFIED_ACTIVE,EXECUTABLE_ACTIVE,STAT-393-1-8V-ECOMMERCE-INDHUF-2026-V1,SOURCE_VERIFIED,SUPPORTED_FOR_CONFIGURATION,Primary Income Tax Department section 393/402 text and the project source scan were inspected; all configured applicability and exception facts are required as verified evidence.,Verified classification facts/evidence required by the active catalog rule.
CA-FY2026-27-RES-36,"Income-tax Act, 2025",393(1) / 8(v),194O,ECOMMERCE,RESIDENT,PERSON,,0.1,ZERO,Other participant,PDF p.30; CA-FY2026-27-RES-36,SOURCE_VERIFIED_ACTIVE,EXECUTABLE_ACTIVE,STAT-393-1-8V-ECOMMERCE-OTHER-2026-V1,SOURCE_VERIFIED,SUPPORTED_FOR_CONFIGURATION,Primary Income Tax Department section 393/402 text and the project source scan were inspected; all configured applicability and exception facts are required as verified evidence.,Verified classification facts/evidence required by the active catalog rule.
CA-FY2026-27-RES-37,"Income-tax Act, 2025",393(1) / 8(vi),194S,VIRTUAL_DIGITAL_ASSET,RESIDENT,PERSON,,1,50000,Specified person,PDF p.30; CA-FY2026-27-RES-37,SOURCE_VERIFIED_ACTIVE,EXECUTABLE_ACTIVE,STAT-393-1-8VI-VDA-SPECIFIED-PERSON-2026-V1,SOURCE_VERIFIED,SUPPORTED_FOR_CONFIGURATION,Primary Income Tax Department section 393/402 text and the project source scan were inspected; all configured applicability and exception facts are required as verified evidence.,Verified classification facts/evidence required by the active catalog rule.
CA-FY2026-27-RES-38,"Income-tax Act, 2025",393(1) / 8(vi),194S,VIRTUAL_DIGITAL_ASSET,RESIDENT,PERSON,,1,10000,Other person,PDF p.30; CA-FY2026-27-RES-38,SOURCE_VERIFIED_ACTIVE,EXECUTABLE_ACTIVE,STAT-393-1-8VI-VDA-OTHER-PERSON-2026-V1,SOURCE_VERIFIED,SUPPORTED_FOR_CONFIGURATION,Primary Income Tax Department section 393/402 text and the project source scan were inspected; all configured applicability and exception facts are required as verified evidence.,Verified classification facts/evidence required by the active catalog rule.
CA-FY2026-27-RES-39,"Income-tax Act, 2025",393(3) / 1,194B,LOTTERY,RESIDENT,PERSON,,30,10000_PER_TRANSACTION,Other than online games,PDF p.30; CA-FY2026-27-RES-39,ACTIVE,EXECUTABLE_ACTIVE,STAT-393-3-LOTTERY-2026-V1,SOURCE_VERIFIED,SUPPORTED_FOR_CONFIGURATION,"Verified supplied CA/Taxmann PDF row mapped to the active global catalog rule; source traceability is retained by filename, printed page, row reference, SHA-256 and verification date.",
CA-FY2026-27-RES-40,"Income-tax Act, 2025",393(3) / 2,194BA,ONLINE_GAME,RESIDENT,PERSON,,30,ZERO,,PDF p.30; CA-FY2026-27-RES-40,ACTIVE,EXECUTABLE_ACTIVE,STAT-393-3-ONLINE-GAME-2026-V1,SOURCE_VERIFIED,SUPPORTED_FOR_CONFIGURATION,Verified supplied PDF page 30 source row; active global catalog rule.,None.
CA-FY2026-27-RES-41,"Income-tax Act, 2025",393(3) / 3,194BB,HORSE_RACE,RESIDENT,PERSON,,30,10000_PER_TRANSACTION,,PDF p.30; CA-FY2026-27-RES-41,ACTIVE,EXECUTABLE_ACTIVE,STAT-393-3-HORSE-RACE-2026-V1,SOURCE_VERIFIED,SUPPORTED_FOR_CONFIGURATION,Verified supplied PDF page 30 source row; active global catalog rule.,None.
CA-FY2026-27-RES-42,"Income-tax Act, 2025",393(3) / 4,194G,LOTTERY_COMMISSION,RESIDENT,PERSON,,2,20000,,PDF p.30; CA-FY2026-27-RES-42,SOURCE_VERIFIED_ACTIVE,EXECUTABLE_ACTIVE,STAT-393-3-4-LOTTERY-COMMISSION-2026-V1,SOURCE_VERIFIED,SUPPORTED_FOR_CONFIGURATION,Primary Income Tax Department section 393 text and the project source scan were inspected; the configured rule requires every source-specific fact evidenced as VERIFIED.,Verified classification facts/evidence required by the active catalog rule.
CA-FY2026-27-RES-43,"Income-tax Act, 2025",393(3) / 5,194N,CASH_WITHDRAWAL,RESIDENT,PERSON,,2,30000000,Co-operative society,PDF p.30; CA-FY2026-27-RES-43,NOT_CATALOGED,NOT_EXECUTABLE,,TRANSCRIBED_UNVERIFIED,MISSING_PRODUCT_INPUT,The source row includes a conditional applicability fact not represented by the current general ledger/classification contract.,A controlled input and evidence contract for: Co-operative society
CA-FY2026-27-RES-44,"Income-tax Act, 2025",393(3) / 5,194N,CASH_WITHDRAWAL,RESIDENT,PERSON,,2,10000000,Other person,PDF p.30; CA-FY2026-27-RES-44,NOT_CATALOGED,NOT_EXECUTABLE,,TRANSCRIBED_UNVERIFIED,MISSING_PRODUCT_INPUT,The source row includes a conditional applicability fact not represented by the current general ledger/classification contract.,A controlled input and evidence contract for: Other person
CA-FY2026-27-RES-45,"Income-tax Act, 2025",393(3) / 6,194EE,NATIONAL_SAVINGS_SCHEME,RESIDENT,PERSON,,10,2500,,PDF p.30; CA-FY2026-27-RES-45,SOURCE_VERIFIED_ACTIVE,EXECUTABLE_ACTIVE,STAT-393-3-6-NATIONAL-SAVINGS-SCHEME-2026-V1,SOURCE_VERIFIED,SUPPORTED_FOR_CONFIGURATION,Primary Income Tax Department section 393 text and the project source scan were inspected; the configured rule requires every source-specific fact evidenced as VERIFIED.,Verified classification facts/evidence required by the active catalog rule.
CA-FY2026-27-RES-46,"Income-tax Act, 2025",393(3) / 7,194T,PARTNER_REMUNERATION_INTEREST,RESIDENT,PERSON,,10,20000,Firm to partner,PDF p.30; CA-FY2026-27-RES-46,SOURCE_VERIFIED_ACTIVE,EXECUTABLE_ACTIVE,STAT-393-3-7-PARTNER-REMUNERATION-INTEREST-2026-V1,SOURCE_VERIFIED,SUPPORTED_FOR_CONFIGURATION,Primary Income Tax Department section 393 text and the project source scan were inspected; the configured rule requires every source-specific fact evidenced as VERIFIED.,Verified classification facts/evidence required by the active catalog rule.
CA-FY2026-27-NR-01,"Income-tax Act, 2025",392 / —,192,SALARY,NON_RESIDENT,ANY_NON_RESIDENT,,,,Any employee,PDF p.31; CA-FY2026-27-NR-01,NOT_CATALOGED,NOT_EXECUTABLE,,TRANSCRIBED_UNVERIFIED,SOURCE_AMBIGUOUS,The PDF refers to an external salary-rate schedule instead of a table rate.,The referenced salary-rate schedule and applicable product inputs.
CA-FY2026-27-NR-02,"Income-tax Act, 2025",392(7) / —,192A,PROVIDENT_FUND,NON_RESIDENT,ANY_NON_RESIDENT,,10,,Taxable accumulated balance,PDF p.31; CA-FY2026-27-NR-02,NOT_CATALOGED,NOT_EXECUTABLE,,TRANSCRIBED_UNVERIFIED,MISSING_PRODUCT_INPUT,The source row includes a conditional applicability fact not represented by the current general ledger/classification contract.,A controlled input and evidence contract for: Taxable accumulated balance
CA-FY2026-27-NR-03,"Income-tax Act, 2025",393(3) / 1,194B,LOTTERY,NON_RESIDENT,ANY_NON_RESIDENT,,30,10000_PER_TRANSACTION,Other than online games,PDF p.31; CA-FY2026-27-NR-03,NOT_CATALOGED,NOT_EXECUTABLE,,TRANSCRIBED_UNVERIFIED,MISSING_PRODUCT_INPUT,The source row includes a conditional applicability fact not represented by the current general ledger/classification contract.,A controlled input and evidence contract for: Other than online games
CA-FY2026-27-NR-04,"Income-tax Act, 2025",393(3) / 2,194BA,ONLINE_GAME,NON_RESIDENT,ANY_NON_RESIDENT,,30,ZERO,,PDF p.31; CA-FY2026-27-NR-04,NOT_CATALOGED,NOT_EXECUTABLE,,TRANSCRIBED_UNVERIFIED,NOT_EXECUTABLE_YET,Source requires surcharge/cess under source note 1; engine has no configured surcharge/cess calculation.,Surcharge/cess policy and source-note implementation.
CA-FY2026-27-NR-05,"Income-tax Act, 2025",393(3) / 3,194BB,HORSE_RACE,NON_RESIDENT,ANY_NON_RESIDENT,,30,10000_PER_TRANSACTION,,PDF p.31; CA-FY2026-27-NR-05,NOT_CATALOGED,NOT_EXECUTABLE,,TRANSCRIBED_UNVERIFIED,NOT_EXECUTABLE_YET,Source requires surcharge/cess under source note 1; engine has no configured surcharge/cess calculation.,Surcharge/cess policy and source-note implementation.
CA-FY2026-27-NR-06,"Income-tax Act, 2025",393(3) / 4,194G,LOTTERY_COMMISSION,NON_RESIDENT,ANY_NON_RESIDENT,,2,20000,,PDF p.31; CA-FY2026-27-NR-06,NOT_CATALOGED,NOT_EXECUTABLE,,TRANSCRIBED_UNVERIFIED,NOT_EXECUTABLE_YET,"The row is transcribed from the project source but has no configured, lifecycle-governed executable rule.","CA-approved scope, source verification, rule configuration, lifecycle approval, and direct tests."
CA-FY2026-27-NR-07,"Income-tax Act, 2025",393(3) / 5,194N,CASH_WITHDRAWAL,NON_RESIDENT,NON_RESIDENT_COOPERATIVE_SOCIETY,,2,30000000,Co-operative society,PDF p.31; CA-FY2026-27-NR-07,NOT_CATALOGED,NOT_EXECUTABLE,,TRANSCRIBED_UNVERIFIED,MISSING_PRODUCT_INPUT,The source row includes a conditional applicability fact not represented by the current general ledger/classification contract.,A controlled input and evidence contract for: Co-operative society
CA-FY2026-27-NR-08,"Income-tax Act, 2025",393(3) / 5,194N,CASH_WITHDRAWAL,NON_RESIDENT,ANY_NON_RESIDENT,,2,10000000,Other person,PDF p.31; CA-FY2026-27-NR-08,NOT_CATALOGED,NOT_EXECUTABLE,,TRANSCRIBED_UNVERIFIED,MISSING_PRODUCT_INPUT,The source row includes a conditional applicability fact not represented by the current general ledger/classification contract.,A controlled input and evidence contract for: Other person
CA-FY2026-27-NR-09,"Income-tax Act, 2025",393(3) / 6,194EE,NATIONAL_SAVINGS_SCHEME,NON_RESIDENT,ANY_NON_RESIDENT,,10,2500,,PDF p.31; CA-FY2026-27-NR-09,NOT_CATALOGED,NOT_EXECUTABLE,,TRANSCRIBED_UNVERIFIED,NOT_EXECUTABLE_YET,"The row is transcribed from the project source but has no configured, lifecycle-governed executable rule.","CA-approved scope, source verification, rule configuration, lifecycle approval, and direct tests."
CA-FY2026-27-NR-10,"Income-tax Act, 2025",393(3) / 7,194T,PARTNER_REMUNERATION_INTEREST,NON_RESIDENT,ANY_NON_RESIDENT,,10,20000,Firm to partner,PDF p.31; CA-FY2026-27-NR-10,NOT_CATALOGED,NOT_EXECUTABLE,,TRANSCRIBED_UNVERIFIED,MISSING_PRODUCT_INPUT,The source row includes a conditional applicability fact not represented by the current general ledger/classification contract.,A controlled input and evidence contract for: Firm to partner
CA-FY2026-27-NR-11,"Income-tax Act, 2025",393(2) / 1,194E,FOREIGN_SPORTS_PERSON,NON_RESIDENT,ANY_NON_RESIDENT,,20,,Foreign sportsman/entertainer/sports association,PDF p.31; CA-FY2026-27-NR-11,NOT_CATALOGED,NOT_EXECUTABLE,,TRANSCRIBED_UNVERIFIED,MISSING_PRODUCT_INPUT,The source row includes a conditional applicability fact not represented by the current general ledger/classification contract.,A controlled input and evidence contract for: Foreign sportsman/entertainer/sports association
CA-FY2026-27-NR-12,"Income-tax Act, 2025","393(2) / 2,3,4",194LC,NON_RESIDENT_INTEREST,NON_RESIDENT,ANY_NON_RESIDENT,,5,,Foreign-currency approved loan/long-term bonds outside India,PDF p.31; CA-FY2026-27-NR-12,NOT_CATALOGED,NOT_EXECUTABLE,,TRANSCRIBED_UNVERIFIED,MISSING_PRODUCT_INPUT,The source row includes a conditional applicability fact not represented by the current general ledger/classification contract.,A controlled input and evidence contract for: Foreign-currency approved loan/long-term bonds outside India
CA-FY2026-27-NR-13,"Income-tax Act, 2025","393(2) / 2,3,4",194LC,NON_RESIDENT_INTEREST,NON_RESIDENT,ANY_NON_RESIDENT,,4,,Long-term/rupee bond listed IFSC exchange,PDF p.31; CA-FY2026-27-NR-13,NOT_CATALOGED,NOT_EXECUTABLE,,TRANSCRIBED_UNVERIFIED,MISSING_PRODUCT_INPUT,The source row includes a conditional applicability fact not represented by the current general ledger/classification contract.,A controlled input and evidence contract for: Long-term/rupee bond listed IFSC exchange
CA-FY2026-27-NR-14,"Income-tax Act, 2025","393(2) / 2,3,4",194LC,NON_RESIDENT_INTEREST,NON_RESIDENT,ANY_NON_RESIDENT,,9,,Qualifying post-1-Jul-2023 IFSC bond,PDF p.31; CA-FY2026-27-NR-14,NOT_CATALOGED,NOT_EXECUTABLE,,TRANSCRIBED_UNVERIFIED,MISSING_PRODUCT_INPUT,The source row includes a conditional applicability fact not represented by the current general ledger/classification contract.,A controlled input and evidence contract for: Qualifying post-1-Jul-2023 IFSC bond
CA-FY2026-27-NR-15,"Income-tax Act, 2025",393(2) / 5,194LB,NON_RESIDENT_INTEREST,NON_RESIDENT,ANY_NON_RESIDENT,,5,,Infrastructure debt fund,PDF p.31; CA-FY2026-27-NR-15,NOT_CATALOGED,NOT_EXECUTABLE,,TRANSCRIBED_UNVERIFIED,MISSING_PRODUCT_INPUT,The source row includes a conditional applicability fact not represented by the current general ledger/classification contract.,A controlled input and evidence contract for: Infrastructure debt fund
CA-FY2026-27-NR-16,"Income-tax Act, 2025",393(2) / 6,194LBA(2),BUSINESS_TRUST,NON_RESIDENT,ANY_NON_RESIDENT,,5,,SPV interest to unitholder,PDF p.31; CA-FY2026-27-NR-16,NOT_CATALOGED,NOT_EXECUTABLE,,TRANSCRIBED_UNVERIFIED,MISSING_PRODUCT_INPUT,The source row includes a conditional applicability fact not represented by the current general ledger/classification contract.,A controlled input and evidence contract for: SPV interest to unitholder
CA-FY2026-27-NR-17,"Income-tax Act, 2025",393(2) / 6,194LBA(2),BUSINESS_TRUST,NON_RESIDENT,ANY_NON_RESIDENT,,10,,SPV dividend to unitholder,PDF p.31; CA-FY2026-27-NR-17,NOT_CATALOGED,NOT_EXECUTABLE,,TRANSCRIBED_UNVERIFIED,MISSING_PRODUCT_INPUT,The source row includes a conditional applicability fact not represented by the current general ledger/classification contract.,A controlled input and evidence contract for: SPV dividend to unitholder
CA-FY2026-27-NR-18,"Income-tax Act, 2025",393(2) / 7,194LBA(3),BUSINESS_TRUST,NON_RESIDENT,NON_RESIDENT,,30,,Schedule V Table 4; non-resident other than foreign company,PDF p.31; CA-FY2026-27-NR-18,NOT_CATALOGED,NOT_EXECUTABLE,,TRANSCRIBED_UNVERIFIED,MISSING_PRODUCT_INPUT,The source row includes a conditional applicability fact not represented by the current general ledger/classification contract.,A controlled input and evidence contract for: Schedule V Table 4; non-resident other than foreign company
CA-FY2026-27-NR-19,"Income-tax Act, 2025",393(2) / 7,194LBA(3),BUSINESS_TRUST,FOREIGN_COMPANY,FOREIGN_COMPANY,,35,,Schedule V Table 4; foreign company,PDF p.31; CA-FY2026-27-NR-19,NOT_CATALOGED,NOT_EXECUTABLE,,TRANSCRIBED_UNVERIFIED,MISSING_PRODUCT_INPUT,The source row includes a conditional applicability fact not represented by the current general ledger/classification contract.,A controlled input and evidence contract for: Schedule V Table 4; foreign company
CA-FY2026-27-NR-20,"Income-tax Act, 2025",393(2) / 8,194LBB,INVESTMENT_FUND,NON_RESIDENT,NON_RESIDENT,,30,,Non-resident other than foreign company,PDF p.32; CA-FY2026-27-NR-20,NOT_CATALOGED,NOT_EXECUTABLE,,TRANSCRIBED_UNVERIFIED,MISSING_PRODUCT_INPUT,The source row includes a conditional applicability fact not represented by the current general ledger/classification contract.,A controlled input and evidence contract for: Non-resident other than foreign company
CA-FY2026-27-NR-21,"Income-tax Act, 2025",393(2) / 8,194LBB,INVESTMENT_FUND,FOREIGN_COMPANY,FOREIGN_COMPANY,,35,,Foreign company,PDF p.32; CA-FY2026-27-NR-21,NOT_CATALOGED,NOT_EXECUTABLE,,TRANSCRIBED_UNVERIFIED,MISSING_PRODUCT_INPUT,The source row includes a conditional applicability fact not represented by the current general ledger/classification contract.,A controlled input and evidence contract for: Foreign company
CA-FY2026-27-NR-22,"Income-tax Act, 2025",393(2) / 9,194LBC(2),SECURITISATION_TRUST,NON_RESIDENT,NON_RESIDENT,,30,,Non-resident other than foreign company,PDF p.32; CA-FY2026-27-NR-22,NOT_CATALOGED,NOT_EXECUTABLE,,TRANSCRIBED_UNVERIFIED,MISSING_PRODUCT_INPUT,The source row includes a conditional applicability fact not represented by the current general ledger/classification contract.,A controlled input and evidence contract for: Non-resident other than foreign company
CA-FY2026-27-NR-23,"Income-tax Act, 2025",393(2) / 9,194LBC(2),SECURITISATION_TRUST,FOREIGN_COMPANY,FOREIGN_COMPANY,,35,,Foreign company,PDF p.32; CA-FY2026-27-NR-23,NOT_CATALOGED,NOT_EXECUTABLE,,TRANSCRIBED_UNVERIFIED,MISSING_PRODUCT_INPUT,The source row includes a conditional applicability fact not represented by the current general ledger/classification contract.,A controlled input and evidence contract for: Foreign company
CA-FY2026-27-NR-24,"Income-tax Act, 2025",393(2) / 10,196A,NON_RESIDENT_UNITS,NON_RESIDENT,ANY_NON_RESIDENT,,20,,,PDF p.32; CA-FY2026-27-NR-24,NOT_CATALOGED,NOT_EXECUTABLE,,TRANSCRIBED_UNVERIFIED,NOT_EXECUTABLE_YET,"The row is transcribed from the project source but has no configured, lifecycle-governed executable rule.","CA-approved scope, source verification, rule configuration, lifecycle approval, and direct tests."
CA-FY2026-27-NR-25,"Income-tax Act, 2025","393(2) / 11,12",196B,NON_RESIDENT_UNITS,NON_RESIDENT,ANY_NON_RESIDENT,,10,,Long-term capital gain on section 208 units,PDF p.32; CA-FY2026-27-NR-25,NOT_CATALOGED,NOT_EXECUTABLE,,TRANSCRIBED_UNVERIFIED,MISSING_PRODUCT_INPUT,The source row includes a conditional applicability fact not represented by the current general ledger/classification contract.,A controlled input and evidence contract for: Long-term capital gain on section 208 units
CA-FY2026-27-NR-26,"Income-tax Act, 2025","393(2) / 13,14",196C,NON_RESIDENT_INTEREST,NON_RESIDENT,ANY_NON_RESIDENT,,12.5,,Foreign-currency bonds/GDR interest,PDF p.32; CA-FY2026-27-NR-26,NOT_CATALOGED,NOT_EXECUTABLE,,TRANSCRIBED_UNVERIFIED,MISSING_PRODUCT_INPUT,The source row includes a conditional applicability fact not represented by the current general ledger/classification contract.,A controlled input and evidence contract for: Foreign-currency bonds/GDR interest
CA-FY2026-27-NR-27,"Income-tax Act, 2025","393(2) / 13,14",196C,NON_RESIDENT_CAPITAL_GAIN,NON_RESIDENT,ANY_NON_RESIDENT,,10,,Long-term capital gain bonds/GDR,PDF p.32; CA-FY2026-27-NR-27,NOT_CATALOGED,NOT_EXECUTABLE,,TRANSCRIBED_UNVERIFIED,MISSING_PRODUCT_INPUT,The source row includes a conditional applicability fact not represented by the current general ledger/classification contract.,A controlled input and evidence contract for: Long-term capital gain bonds/GDR
CA-FY2026-27-NR-28,"Income-tax Act, 2025",393(2) / 15,196D(1),FII_SECURITIES_INCOME,NON_RESIDENT,ANY_NON_RESIDENT,,20,,,PDF p.32; CA-FY2026-27-NR-28,NOT_CATALOGED,NOT_EXECUTABLE,,TRANSCRIBED_UNVERIFIED,NOT_EXECUTABLE_YET,"The row is transcribed from the project source but has no configured, lifecycle-governed executable rule.","CA-approved scope, source verification, rule configuration, lifecycle approval, and direct tests."
CA-FY2026-27-NR-29,"Income-tax Act, 2025",393(2) / 16,196D(1A),SPECIFIED_FUND_SECURITIES_INTEREST,NON_RESIDENT,ANY_NON_RESIDENT,,10,,Specified fund; surcharge not applicable,PDF p.32; CA-FY2026-27-NR-29,NOT_CATALOGED,NOT_EXECUTABLE,,TRANSCRIBED_UNVERIFIED,MISSING_PRODUCT_INPUT,The source row includes a conditional applicability fact not represented by the current general ledger/classification contract.,A controlled input and evidence contract for: Specified fund; surcharge not applicable
CA-FY2026-27-NR-30,"Income-tax Act, 2025",393(2) / 17,195(1),FOREIGN_EXCHANGE_ASSET_INCOME,NON_RESIDENT,ANY_NON_RESIDENT,,20,,Qualifying Indian citizen,PDF p.32; CA-FY2026-27-NR-30,NOT_CATALOGED,NOT_EXECUTABLE,,TRANSCRIBED_UNVERIFIED,MISSING_PRODUCT_INPUT,The source row includes a conditional applicability fact not represented by the current general ledger/classification contract.,A controlled input and evidence contract for: Qualifying Indian citizen
CA-FY2026-27-NR-31,"Income-tax Act, 2025",393(2) / 17,195(1),NON_RESIDENT_CAPITAL_GAIN,NON_RESIDENT,ANY_NON_RESIDENT,,12.5,,Foreign-exchange asset long-term capital gain; SC cap 15%,PDF p.32; CA-FY2026-27-NR-31,NOT_CATALOGED,NOT_EXECUTABLE,,TRANSCRIBED_UNVERIFIED,MISSING_PRODUCT_INPUT,The source row includes a conditional applicability fact not represented by the current general ledger/classification contract.,A controlled input and evidence contract for: Foreign-exchange asset long-term capital gain; SC cap 15%
CA-FY2026-27-NR-32,"Income-tax Act, 2025",393(2) / 17,195(1),NON_RESIDENT_CAPITAL_GAIN,NON_RESIDENT,ANY_NON_RESIDENT,,20,,Section 196 short-term gain; SC cap 15%,PDF p.32; CA-FY2026-27-NR-32,NOT_CATALOGED,NOT_EXECUTABLE,,TRANSCRIBED_UNVERIFIED,MISSING_PRODUCT_INPUT,The source row includes a conditional applicability fact not represented by the current general ledger/classification contract.,A controlled input and evidence contract for: Section 196 short-term gain; SC cap 15%
CA-FY2026-27-NR-33,"Income-tax Act, 2025",393(2) / 17,195(1),NON_RESIDENT_CAPITAL_GAIN,NON_RESIDENT,ANY_NON_RESIDENT,,12.5,,Section 197 long-term gain; SC cap 15%,PDF p.32; CA-FY2026-27-NR-33,NOT_CATALOGED,NOT_EXECUTABLE,,TRANSCRIBED_UNVERIFIED,MISSING_PRODUCT_INPUT,The source row includes a conditional applicability fact not represented by the current general ledger/classification contract.,A controlled input and evidence contract for: Section 197 long-term gain; SC cap 15%
CA-FY2026-27-NR-34,"Income-tax Act, 2025",393(2) / 17,195(1),NON_RESIDENT_CAPITAL_GAIN,NON_RESIDENT,ANY_NON_RESIDENT,,12.5,125000,Section 198 long-term gain; SC cap 15%,PDF p.32; CA-FY2026-27-NR-34,NOT_CATALOGED,NOT_EXECUTABLE,,TRANSCRIBED_UNVERIFIED,MISSING_PRODUCT_INPUT,The source row includes a conditional applicability fact not represented by the current general ledger/classification contract.,A controlled input and evidence contract for: Section 198 long-term gain; SC cap 15%
CA-FY2026-27-NR-35,"Income-tax Act, 2025",393(2) / 17,195(1),IFSC_DIVIDEND,NON_RESIDENT,ANY_NON_RESIDENT,,10,,IFSC unit dividend; SC cap 15%,PDF p.32; CA-FY2026-27-NR-35,NOT_CATALOGED,NOT_EXECUTABLE,,TRANSCRIBED_UNVERIFIED,MISSING_PRODUCT_INPUT,The source row includes a conditional applicability fact not represented by the current general ledger/classification contract.,A controlled input and evidence contract for: IFSC unit dividend; SC cap 15%
CA-FY2026-27-NR-36,"Income-tax Act, 2025",393(2) / 17,195(1),DIVIDEND,NON_RESIDENT,ANY_NON_RESIDENT,,20,,Other dividend; SC cap 15%,PDF p.33; CA-FY2026-27-NR-36,NOT_CATALOGED,NOT_EXECUTABLE,,TRANSCRIBED_UNVERIFIED,MISSING_PRODUCT_INPUT,The source row includes a conditional applicability fact not represented by the current general ledger/classification contract.,A controlled input and evidence contract for: Other dividend; SC cap 15%
CA-FY2026-27-NR-37,"Income-tax Act, 2025",393(2) / 17,195(1),NON_RESIDENT_INTEREST,NON_RESIDENT,ANY_NON_RESIDENT,,20,,Government/Indian-concern FC borrowing interest,PDF p.33; CA-FY2026-27-NR-37,NOT_CATALOGED,NOT_EXECUTABLE,,TRANSCRIBED_UNVERIFIED,MISSING_PRODUCT_INPUT,The source row includes a conditional applicability fact not represented by the current general ledger/classification contract.,A controlled input and evidence contract for: Government/Indian-concern FC borrowing interest
CA-FY2026-27-NR-38,"Income-tax Act, 2025",393(2) / 17,195(1),ROYALTY,NON_RESIDENT,ANY_NON_RESIDENT,,20,,Source Note 6,PDF p.33; CA-FY2026-27-NR-38,NOT_CATALOGED,NOT_EXECUTABLE,,TRANSCRIBED_UNVERIFIED,MISSING_PRODUCT_INPUT,The source row includes a conditional applicability fact not represented by the current general ledger/classification contract.,A controlled input and evidence contract for: Source Note 6
CA-FY2026-27-NR-39,"Income-tax Act, 2025",393(2) / 17,195(1),ROYALTY,NON_RESIDENT,NON_RESIDENT,,20,,Agreement 1961-1976; non-resident other than foreign company,PDF p.33; CA-FY2026-27-NR-39,NOT_CATALOGED,NOT_EXECUTABLE,,TRANSCRIBED_UNVERIFIED,MISSING_PRODUCT_INPUT,The source row includes a conditional applicability fact not represented by the current general ledger/classification contract.,A controlled input and evidence contract for: Agreement 1961-1976; non-resident other than foreign company
CA-FY2026-27-NR-40,"Income-tax Act, 2025",393(2) / 17,195(1),ROYALTY,FOREIGN_COMPANY,FOREIGN_COMPANY,,50,,Agreement 1961-1976; foreign company,PDF p.33; CA-FY2026-27-NR-40,NOT_CATALOGED,NOT_EXECUTABLE,,TRANSCRIBED_UNVERIFIED,MISSING_PRODUCT_INPUT,The source row includes a conditional applicability fact not represented by the current general ledger/classification contract.,A controlled input and evidence contract for: Agreement 1961-1976; foreign company
CA-FY2026-27-NR-41,"Income-tax Act, 2025",393(2) / 17,195(1),ROYALTY,NON_RESIDENT,ANY_NON_RESIDENT,,20,,Agreement on/after 1-Apr-1976,PDF p.33; CA-FY2026-27-NR-41,NOT_CATALOGED,NOT_EXECUTABLE,,TRANSCRIBED_UNVERIFIED,MISSING_PRODUCT_INPUT,The source row includes a conditional applicability fact not represented by the current general ledger/classification contract.,A controlled input and evidence contract for: Agreement on/after 1-Apr-1976
CA-FY2026-27-NR-42,"Income-tax Act, 2025",393(2) / 17,195(1),TECHNICAL_SERVICE,NON_RESIDENT,NON_RESIDENT,,20,,Agreement 1964-1976; non-foreign company,PDF p.33; CA-FY2026-27-NR-42,NOT_CATALOGED,NOT_EXECUTABLE,,TRANSCRIBED_UNVERIFIED,MISSING_PRODUCT_INPUT,The source row includes a conditional applicability fact not represented by the current general ledger/classification contract.,A controlled input and evidence contract for: Agreement 1964-1976; non-foreign company
CA-FY2026-27-NR-43,"Income-tax Act, 2025",393(2) / 17,195(1),TECHNICAL_SERVICE,FOREIGN_COMPANY,FOREIGN_COMPANY,,50,,Agreement 1964-1976; foreign company,PDF p.33; CA-FY2026-27-NR-43,NOT_CATALOGED,NOT_EXECUTABLE,,TRANSCRIBED_UNVERIFIED,MISSING_PRODUCT_INPUT,The source row includes a conditional applicability fact not represented by the current general ledger/classification contract.,A controlled input and evidence contract for: Agreement 1964-1976; foreign company
CA-FY2026-27-NR-44,"Income-tax Act, 2025",393(2) / 17,195(1),TECHNICAL_SERVICE,NON_RESIDENT,ANY_NON_RESIDENT,,20,,Agreement on/after 1-Apr-1976,PDF p.33; CA-FY2026-27-NR-44,NOT_CATALOGED,NOT_EXECUTABLE,,TRANSCRIBED_UNVERIFIED,MISSING_PRODUCT_INPUT,The source row includes a conditional applicability fact not represented by the current general ledger/classification contract.,A controlled input and evidence contract for: Agreement on/after 1-Apr-1976
CA-FY2026-27-NR-45,"Income-tax Act, 2025",393(2) / 17,195(1),NON_RESIDENT_OTHER_INCOME,NON_RESIDENT,NON_RESIDENT,,30,,Non-resident other than foreign company,PDF p.33; CA-FY2026-27-NR-45,NOT_CATALOGED,NOT_EXECUTABLE,,TRANSCRIBED_UNVERIFIED,MISSING_PRODUCT_INPUT,The source row includes a conditional applicability fact not represented by the current general ledger/classification contract.,A controlled input and evidence contract for: Non-resident other than foreign company
CA-FY2026-27-NR-46,"Income-tax Act, 2025",393(2) / 17,195(1),NON_RESIDENT_OTHER_INCOME,FOREIGN_COMPANY,FOREIGN_COMPANY,,35,,Foreign company,PDF p.33; CA-FY2026-27-NR-46,NOT_CATALOGED,NOT_EXECUTABLE,,TRANSCRIBED_UNVERIFIED,MISSING_PRODUCT_INPUT,The source row includes a conditional applicability fact not represented by the current general ledger/classification contract.,A controlled input and evidence contract for: Foreign company
